-- phpMyAdmin SQL Dump
-- version 5.2.1
-- https://www.phpmyadmin.net/
--
-- Host: localhost:3306
-- Waktu pembuatan: 26 Jan 2024 pada 12.01
-- Versi server: 10.3.35-MariaDB-cll-lve
-- Versi PHP: 8.2.12

SET SQL_MODE = "NO_AUTO_VALUE_ON_ZERO";
START TRANSACTION;
SET time_zone = "+00:00";


/*!40101 SET @OLD_CHARACTER_SET_CLIENT=@@CHARACTER_SET_CLIENT */;
/*!40101 SET @OLD_CHARACTER_SET_RESULTS=@@CHARACTER_SET_RESULTS */;
/*!40101 SET @OLD_COLLATION_CONNECTION=@@COLLATION_CONNECTION */;
/*!40101 SET NAMES utf8mb4 */;

--
-- Database: `cinemyst_bioskop`
--

-- --------------------------------------------------------

--
-- Struktur dari tabel `ads`
--

CREATE TABLE `ads` (
  `id_ads` int(11) NOT NULL,
  `namaAds` varchar(250) NOT NULL,
  `fotoAds` varchar(250) NOT NULL,
  `status` varchar(20) NOT NULL
) ENGINE=InnoDB DEFAULT CHARSET=utf8mb4;

--
-- Dumping data untuk tabel `ads`
--

INSERT INTO `ads` (`id_ads`, `namaAds`, `fotoAds`, `status`) VALUES
(1, 'poster 1', 'poster1.jpg', 'aktif'),
(2, 'poster 2', 'poster2.png', 'aktif'),
(3, 'poster 3', 'poster3.jpg', 'aktif');

-- --------------------------------------------------------

--
-- Struktur dari tabel `cast`
--

CREATE TABLE `cast` (
  `id_cast` int(11) NOT NULL,
  `namaCast` varchar(50) NOT NULL,
  `foto` varchar(250) NOT NULL,
  `id_film` int(11) NOT NULL
) ENGINE=InnoDB DEFAULT CHARSET=utf8mb4;

--
-- Dumping data untuk tabel `cast`
--

INSERT INTO `cast` (`id_cast`, `namaCast`, `foto`, `id_film`) VALUES
(3, 'ember', 'amber.jpeg', 1),
(4, 'jason', 'Jason.jpeg', 1),
(5, 'patrick', 'patrik.jpeg', 1),
(10, 'Caitlin Halderman', 'caitlinhalderman-220de8.webp', 7),
(11, 'Al Ghazali', 'algazali.webp', 7),
(12, 'Lania Fira', 'lanfir.jpeg', 7),
(13, 'Giorgino Abraham', 'giorgino.jpg', 7),
(14, 'Ratu Felisha', 'ratu.webp', 8),
(15, 'Tara Basro', 'tara.webp', 8),
(16, 'Bront Palarae', 'bront.jpg', 8),
(17, 'Endy Arfian', 'endy.webp', 8),
(18, 'Prilly Latuconsina', 'prilly.webp', 12),
(19, 'Bryan Domani', 'bidi.jpeg', 12),
(20, 'Refal Hady', 'refal.jpg', 12),
(21, 'Anya Geraldine', 'naya.jpg', 11),
(22, 'Vino G. Bastian', 'vino.jpg', 11),
(23, 'Dimas Danang', 'dimas.jpg', 11),
(24, 'Alzi Markers', 'alzi.jpg', 11),
(25, 'Anggika Bölsterli', 'anggi.jpg', 9),
(26, 'Ibrahim Risyad', 'ibrahim.webp', 9),
(27, 'Niken Anjani', 'niken.webp', 9),
(29, 'Allison Williams', 'allison.jpg', 14),
(30, 'Jenna Davis', 'jenna.webp', 14),
(31, 'Violet McGraw', 'violet.jpg', 14),
(32, 'Amie Donald', 'amie.jpg', 14),
(33, 'Aulia Sarah', 'aul.png', 13),
(34, 'Taskya Namya', 'taskya.jpg', 13),
(35, 'Andri Mashadi', 'andri.webp', 13),
(36, 'Zee', 'zee.webp', 15),
(37, 'Arbani Yasiz', 'arbani.jpg', 15),
(38, 'Gracia JKT48', 'gracia.webp', 15),
(39, 'Timothée Chalamet', 'timothie.webp', 16),
(41, 'Rowan Atkinson', 'rowan.jpg', 16),
(42, 'Calah Lane', 'calah.jpg', 16),
(44, 'Hugh Grant', 'hugh.jpg', 16),
(45, 'Ning Chang', 'ning.jpg', 18),
(46, 'JC LIN', 'JC-Lin-2.jpg', 18),
(47, 'Summer Meng', 'summer meng.jpg', 18),
(48, 'Chicco Kurniawan', 'chicco.jpg', 19),
(49, 'Niken Anjani', 'niken.jpg', 19),
(50, 'Ganindra Bimo', 'ganindo.jpg', 19),
(51, 'Ardhito Pramono', 'dito.jpeg', 19),
(52, 'Margot Robbie', 'margot.jpg', 20),
(53, 'Ryan Gosling', 'ryan.jpg', 20),
(54, 'Greta Gerwig', 'greta-gerwig.jpg', 20),
(55, 'Kiesha Alvaro', 'keisha.jpg', 21),
(56, 'Ratu Sofya', 'ratu.jpg', 21),
(57, 'Rizky Fachrel', 'rizky.jpg', 21),
(58, 'Carmela van der Kruk', 'carmela.jpg', 22),
(59, 'Rangga Nattra', 'rangga.jpg', 22),
(60, 'Fattah Amin', 'fattah.jpg', 22),
(61, 'Wulan Guritno', 'wulan.webp', 22),
(62, 'Do Kyung-Soo', 'd.o.jpg', 23),
(63, 'Hong Seung-hee', 'hong.webp', 23),
(64, 'Kim Rae-won', 'kim.jpg', 23),
(65, 'Lee Yi-kyung', 'lee yi kyung.jpg', 23),
(66, 'Alyssa Sutherland', 'alyssa.jpg', 24),
(67, 'Morgan Davies', 'morgan.jpg', 24),
(68, 'Lily Sullivan', 'lilly.webp', 24),
(69, 'Anthony Ramos', 'anton.webp', 25),
(70, 'Dominique Fishback', 'dominique.jpg', 25),
(71, 'Peter Cullen', 'petter.jpg', 25),
(72, 'Raihaanun', 'rihaanun.jpg', 26),
(73, 'Reza Rahardian', 'reza.jpeg', 26),
(74, 'Anya Geraldine', 'anya.jpg', 26);

-- --------------------------------------------------------

--
-- Struktur dari tabel `film`
--

CREATE TABLE `film` (
  `id_film` int(11) NOT NULL,
  `judulFilm` varchar(100) NOT NULL,
  `deskripsi` text NOT NULL,
  `durasi` int(11) NOT NULL,
  `tahun` int(11) NOT NULL,
  `producer` varchar(50) NOT NULL,
  `genre` varchar(50) NOT NULL,
  `batasUmur` varchar(10) NOT NULL,
  `poster` varchar(255) NOT NULL,
  `trailerFilm` varchar(255) NOT NULL,
  `statusFilm` varchar(20) NOT NULL
) ENGINE=InnoDB DEFAULT CHARSET=utf8mb4;

--
-- Dumping data untuk tabel `film`
--

INSERT INTO `film` (`id_film`, `judulFilm`, `deskripsi`, `durasi`, `tahun`, `producer`, `genre`, `batasUmur`, `poster`, `trailerFilm`, `statusFilm`) VALUES
(1, 'Aquaman and the Lost Kingdom', 'Arthur Curry (Jason Momoa) harus kembali melawan Black Manta (Yahya Abdul-Mateen II) yang sekarang semakin kuat dan menjadi ancaman besar bagi kehidupan Atlantis. Arthur terpaksa bekerja sama dengan Orm (Patrick Wilson) saudaranya sekaligus musuhnya demi nasib Atlantis.', 142, 2023, 'Atomic Monster Productions', 'Action, Romance', 'Semua Umur', 'aquamn.jpg', 'https://youtu.be/Tx2Q93x0P0s?si=0sKk322Iyw12G4VU', 'Tayang'),
(7, 'Digninate', 'Dignitate adalah film drama Indonesia tahun 2020 produksi MD Pictures yang disutradarai oleh Fajar Nugros dan diadaptasi dari novel berjudul sama karya Hana Margaretha.', 120, 2022, 'Manoj Punjabi', 'romance', 'Dewasa 17+', 'dignitate.jpg', '', 'Tayang'),
(8, 'Pengabdi Setan 2: Communion', 'Beberapa tahun setelah berhasil menyelamatkan diri dari kejadian mengerikan yang membuat mereka kehilangan ibu dan si bungsu Ian, Rini dan adik-adiknya, Toni dan Bondi, serta Bapak tinggal di rumah susun karena percaya tinggal di rumah susun aman jika terjadi sesuatu karena ada banyak orang.', 119, 2022, 'Gope T. Samtani, Tia Hasibuan', 'Horor, Mystery, Drama', 'Dewasa 17+', 'pengabdi2.jpg', '', 'Tayang'),
(9, 'Sijjin', 'Sijjin bercerita tentang teror yang diterima Nisa, seorang istri dan ibu yang sangat mencintai keluarganya. Nisa dan suaminya, Galang, kebingungan dengan gangguan mistis yang tiba-tiba dialami Nisa. Sebelumnya, baik Nisa maupun Galang sama sekali nggak pernah mengalami hal seperti itu.', 100, 2023, 'Sunil Samtani', 'Horor, Religi', 'Dewasa 17+', 'sijjin.jpg', '', 'Tayang'),
(11, 'Gampang Cuan', 'Gampang Cuan menceritakan tentang kakak beradik yang datang dari Sukabumi ke Jakarta. Mereka menaruh harapan besar pada keberhasilan, seperti kebanyakan perantau di ibukota. Namun hidup sebagai perantau di Jakarta tetap sulit.\r\n\r\nKabar kematian sang ayah menimbulkan masalah tambahan. Mendiang ayahnya ternyata meninggalkan utang Rp300 juta yang harus dilunasi. Selain itu, kakak beradik itu harus memutar otak untuk memperoleh banyak uang dengan cepat. Karena mereka harus membiayai kuliah si adik bungsu, beban ekonomi semakin berat ditanggung .', 118, 2023, 'Tesadesrada Ryza', 'Drama, Comedy', 'Remaja', 'gampangcuan.jpg', '', 'Tayang'),
(12, 'Ketika Berhenti Disini', 'Dita, seorang desainer grafis yang terpecah antara kehadiran holografik mendiang cintanya Ed dan hubungannya saat ini dengan Ifan, harus memilih antara masa lalu dan masa kini.', 102, 2023, 'Umay Sahab dan Prilly Latuconsina', 'Fiction, Drama, Romance', 'Remaja', 'ketikaberhentidisini.jpg', '', 'Coming Soon'),
(13, 'Waktu Maghrib', 'Adi dan Saman sering dihukum oleh Bu Woro, guru mereka yang disiplin dan galak. Suatu hari, kekesalan Adi dan Saman terhadap Bu Woro memuncak. Mereka menyumpahi guru itu bersamaan dengan kumandang adzan Maghrib.', 104, 2023, 'Gope T. Samtani', 'Horror, Mistery', 'Dewasa 17+', 'waktumaghrib.jpg', '', 'Tayang'),
(14, 'M3gan', 'Seorang insinyur robotika di sebuah perusahaan mainan membuat boneka yang penampilannya seperti gadis kecil dan diprogram agar menjadi teman sekaligus penjaga bagi anak-anak. Sampai petaka dimulai saat boneka M3gan ternyata mulai hidup dan meneror penciptanya.', 102, 2023, 'James Wan, Jason Blum, Couper Samuelson, Michael C', 'Horor, Science Fiction', 'Dewasa 17+', 'm3gan.jpg', '', 'Tayang'),
(15, 'Ancika', 'Di tahun 1995 DILAN si mantan panglima geng motor jatuh cinta pada ANCIKA, perempuan yang sangat membenci geng motor. Sudah begitu, Ancika juga tidak suka berpacaran, dan jelas, tidak suka Dilan. Jadilah Dilan harus mencari cara untuk menaklukan si perempuan yang jauh berbeda dengan Milea si mantan. Selisih usia dan lingkungan membuat usaha Dilan berlipat ganda, apalagi di balik sikap dewasa yang nggak sesuai usianya, Ancika itu cemburuan. Makin berat perjuangan Dilan. Tapi cinta memang begitu, bukan? Harus diperjuangkan!\r\n\r\nAncika : “Dia (Milea) memang punya masa lalu, tapi saya punya Dilan”', 112, 2024, 'Budi Ismanto, Manoj Punjabi', 'Romance', 'Dewasa', 'ancika.jpg', '', 'Coming Soon'),
(16, 'Wonka', 'Wonka akan berkisah tentang awal kehidupan Willy Wonka (Timothee Chalamet) sebelum dia menjadi pemilik dari pabrik coklat yang misterius dan terkenal. Perjuangan anak muda membuat coklat terenak di dunia dan dikenal oleh masyarakat luas.', 116, 2024, 'David Heyman, Luke Kelly, Alexandra Ferguson Ferby', 'Musical, Fantacy, Action', 'Semua Umur', 'wonka.jpg', '', 'Coming Soon'),
(17, 'Imigration', 'Sekeluarga bebek mencoba meyakinkan ayah mereka yang terlalu protektif untuk pergi berlibur. Bukan sekedar migrasi tapi petualangan seumur hidup yang tidak akan mereka lupakan selamanya.', 85, 2024, 'Chris Meledandri', 'Animation, Action, Adventure, Comedy, Family, Faan', 'Semua Umur', 'migration.jpg', '', 'Coming Soon'),
(18, 'The Bridge Curse 2: Ritual', 'Seorang arsitek mengganggu sekolah selama konstruksi dan mengubahnya menjadi entitas supernatural. Bertahun-tahun kemudian, sebuah permainan tambahan yang melibatkan ritual gelap terjadi ketika sekelompok siswa melepaskan segerombolan roh jahat ke dunia.', 101, 2024, 'Chi Hsiang Chuang, Po-Hsiang Hao', 'Horor, Mystery, Thriller', 'Dewasa 17+', 'thebridge.jpg', '', 'Coming Soon'),
(19, '13 Bom di Jakarta', 'Jakarta, kota metropolitan dengan segala hingar bingarnya, seketika menjadi kelam. Sekumpulan teroris melancarkan serangannya dengan ancaman 13 bom yang disebar di seantero Jakarta. Penelusuran Badan Intelijen dan agen rahasia atas teror tersebut mengarah pada Oscar (Chicco Kurniawan) dan William (Ardhito Pramono) yang dianggap terlibat. Misi tim agen rahasia pun menjadi rumit ketika mereka mencurigai adanya penyusup dalam tim. Di sisi lain, pemimpin kelompok teroris, Arok (Rio Dewanto) tak henti menebar teror dengan meledakkan bom setiap 8 jam. Satu-satunya cara menghentikan serangan teror tersebut adalah menyerahkan imbalan bernilai miliaran rupiah dalam bentuk bitcoin kepada Arok atau keselamatan seluruh warga Jakarta terancam.', 144, 2024, 'Angga Dwimas Sasongko, Taufan Adryan, Rio Dewanto', 'Action', 'Dewasa 17+', '13bom.jpg', '', 'Coming Soon'),
(20, 'Barbie', 'Berkisah tentang kehidupan para Barbie yang memiliki karakter berbeda-beda. Semua perempuan dipanggil Barbie dan laki-laki dipanggil Ken, tetapi mereka dapat saling mengenal.', 114, 2023, 'Margot Robbie, Tom Ackerley, Robbie Brenner, David', 'Comedy, Adventure, Fantasy, ', 'Remaja', 'barbie.jpg', '', 'Tayang'),
(21, 'Siksa Neraka', 'Empat kakak beradik, Saleh (Rizky Fachrel), Fajar (Kiesha Alvaro), Tyas (Ratu Sofya), dan Azizah (Nayla Purnama), sejak kecil telah mendengar kisah-kisah mengenai surga dan neraka. Mereka dididik dengan keras oleh bapak (Ariyo Wahab) mereka, seorang ustad muda yang terpandang di desa.\r\n\r\nSuatu malam, dalam perjalanan menuju desa seberang tanpa sepengetahuan orang tua mereka, Saleh dan adik-adiknya terseret arus sungai yang deras dan menghilang. Saleh kemudian terbangun di alam yang lain, neraka yang selalu dikisahkan bapaknya.\r\n\r\nPencarian dilakukan di dunia untuk menemukan anak-anak bapak, entah hidup atau mati. Satu per satu rahasia terungkap, membuat bapak dan ibu (Astri Nurdin) mempertanyakan apakah mereka sudah cukup membekali anak-anaknya. Di neraka, Saleh dan yang lain juga saling mencari, sambil menghadapi siksaan yang kian besar atas dosa-dosa yang selama ini mereka sembunyikan.', 90, 2024, 'K.K. Dheeraj', 'Horor', 'Dewasa', 'siksaneraka.jpg', '', 'Coming Soon'),
(22, 'Trinil: Kembalikan Tubuhku', 'Sepulang bulan madu, Rara dan Sutan siap memulai hidup baru. Rara menjalani peran sebagai pewaris tunggal perkebunan teh terluas di Jawa Tengah, sementara Sutan kembali menjadi perawat di rumah sakit. Rara yakin mereka bisa berbahagia.\r\n\r\nKeyakinan itu terusik saat Rara mengalami ketindihan. Sutan mendadak resah. Rara meyakinkan Sutan semua akan baik-baik saja dan berdalih tidurnya terusik karena ia keletihan mengurus perkebunan.\r\n\r\nDemi keselamatan Rara, Sutan meminta bantuan Yusof, teman sekolahnya dulu yang kini dikenal mumpuni menangani beragam kasus mistis. Awalnya Rara menolak ide Sutan, tapi saat suasana rumah kian mencekam karena teror hantu kepala tanpa badan yang terus datang sambil menyebut ‘Trinil, balekno gembungku’, Rara tak punya pilihan lain.\r\n\r\nSiapakah hantu kepala tanpa badan? Kenapa ia meminta tubuhnya dikembalikan? Dan siapa sebenarnya sosok Trinil?', 101, 2024, 'Hanung Bramantyo, Azlin Hilda', 'Horor, Drama, Thriller', 'Dewasa 17+', 'trinil.jpg', '', 'Coming Soon'),
(23, 'The Moon', 'Misi pertama Korea ke bulan berakhir dengan bencana tragis karena terjadi ledakan di atas pesawat. 7 tahun kemudian, penerbangan antariksa kedua berhasil diluncurkan namun angin matahari yang tinggi menyebabkan adanya kesalahan fungsi. Awak antariksa Sun-woo, terdampar di luar angkasa. Menghadapi bencana fatal ini, Naro Space Center beralih ke mantan direktur pelaksana Dr. Kim untuk membantu membawa Sun woo kembali pulang dengan selamat.', 129, 2023, 'Kim Yong Hwa, Choi Ji Seon ', 'Science-Fiction, Drama, Adventure, Survival', 'Remaja', 'themoon.jpg', '', 'Tayang'),
(24, 'Evil Dead Rise', 'Evil Dead Rise menceritakan kisah mengejutkan tentang dua saudara perempuan yang terasing yang reuninya dipersingkat oleh munculnya setan yang merasuki manusia, mendorong mereka ke dalam pertempuran utama untuk bertahan hidup saat mereka menghadapi versi keluarga paling mengerikan yang bisa dibayangkan.', 97, 2023, 'Robert Tapert', 'Horor Supranatural, Action, Mystery', 'Dewasa 17+', 'evil.jpg', '', 'Tayang'),
(25, 'Transformers: Rise of the Beasts', 'Kembali ke aksi dan tontonan yang telah memikat penonton bioskop di seluruh dunia, Transformers: Rise of the Beasts akan membawa penonton dalam petualangan keliling dunia tahun 90-an dengan Autobots dan memperkenalkan generasi baru Transformer – Maximals – ke pertempuran yang ada di bumi antara Autobots dan Decepticons.\r\n', 120, 2023, 'Michael Bay, Lorenzo di Bonaventura, Duncan Hender', 'Action, Science-Fiction, Adventure', 'Semua Umur', 'transformers.jpg', '', 'Coming Soon'),
(26, 'Layangan Putus', 'Setelah resmi bercerai dengan Aris, Kinan kini beradaptasi dengan kehidupan barunya, menjadi orang tua tunggal dan aktif kembali sebagai seorang dokter. Ia dan putrinya, Raya, hidup melengkapi satu sama lain. Suatu hari sang mantan suami mengunjungi ia dan Raya bersama Lidya, saat itulah masalah pelik dimulai. Lidya yang selama ini berstatus selingkuhan tak merasa puas hanya menjadi kekasih Aris, ia ingin dinikahi, ingin dijadikan ratu di hati Aris. Sebelum mengiyakan permintaan Lidya, Aris meminta pendapat Kinan, sesuatu yang ia lakukan karena ia rupanya masih mengharapkan bisa mendapatkan cinta Kinan dan Lidya sekaligus.\r\n\r\nBahkan saat dalam keadaan mabuk, Aris berusaha mencumbu Kinan. Kesalahpahaman ini rupanya sampai ke telinga Lidya, ia marah besar, ia datangi Kinan untuk mengkonfrontasinya. Lidya merasa posisinya berbalik, ia merasa jadi perempuan yang diselingkuhi dan dikhianati, sementara sebenarnya, Kinan betulbetul ingin Aris dan Lidya hilang dari hidupnya.', 91, 2024, 'Manoj Punjabi', 'Drama, Romance', 'Dewasa 17+', 'layanganputus.jpg', '', 'Coming Soon');

-- --------------------------------------------------------

--
-- Struktur dari tabel `jadwal`
--

CREATE TABLE `jadwal` (
  `id_jadwal` int(11) NOT NULL,
  `id_film` int(11) NOT NULL,
  `jamTayang` datetime NOT NULL
) ENGINE=InnoDB DEFAULT CHARSET=utf8mb4;

--
-- Dumping data untuk tabel `jadwal`
--

INSERT INTO `jadwal` (`id_jadwal`, `id_film`, `jamTayang`) VALUES
(1, 1, '2024-01-07 02:33:38'),
(2, 1, '2024-01-07 13:12:00'),
(3, 6, '2024-01-07 13:12:00'),
(4, 8, '2024-01-02 13:45:00'),
(5, 8, '2024-01-02 15:25:00'),
(6, 8, '2024-01-02 20:00:00'),
(7, 9, '2024-01-02 12:35:00'),
(8, 9, '2024-01-02 19:25:00'),
(9, 11, '2024-01-04 15:20:00'),
(10, 11, '2024-01-04 15:30:00'),
(11, 11, '2024-01-04 18:50:00'),
(12, 13, '2024-01-04 13:15:00'),
(13, 13, '2024-01-04 20:30:00'),
(14, 14, '2024-01-01 12:30:00'),
(15, 14, '2024-01-01 14:45:00'),
(16, 14, '2024-01-01 17:15:00'),
(17, 14, '2024-01-01 19:10:00');

-- --------------------------------------------------------

--
-- Struktur dari tabel `kursi`
--

CREATE TABLE `kursi` (
  `id_kursi` int(11) NOT NULL,
  `namaKursi` varchar(20) NOT NULL,
  `status` varchar(50) NOT NULL,
  `id_jadwal` int(11) NOT NULL
) ENGINE=InnoDB DEFAULT CHARSET=utf8mb4;

--
-- Dumping data untuk tabel `kursi`
--

INSERT INTO `kursi` (`id_kursi`, `namaKursi`, `status`, `id_jadwal`) VALUES
(1, 'A1', 'disabled', 1),
(2, 'A2', 'disabled', 1),
(3, 'A3', '', 1),
(4, 'A4', 'disabled', 1),
(5, 'A5', '', 1),
(6, 'A6', 'disabled', 1),
(7, 'A7', 'disabled', 1),
(8, 'A8', 'disabled', 1),
(9, 'A9', 'disabled', 1),
(10, 'A10', 'disabled', 1),
(11, 'B1', 'disabled', 1),
(12, 'B2', 'disabled', 1),
(13, 'B3', 'disabled', 1),
(14, 'B4', '', 1),
(15, 'B5', '', 1),
(16, 'B6', 'disabled', 1),
(17, 'B7', 'disabled', 1),
(18, 'B8', '', 1),
(19, 'B9', '', 1),
(20, 'B10', '', 1),
(21, 'C1', 'disabled', 1),
(22, 'C2', 'disabled', 1),
(23, 'C3', 'disabled', 1),
(24, 'C4', 'disabled', 1),
(25, 'C5', 'disabled', 1),
(26, 'C6', 'disabled', 1),
(27, 'C7', 'disabled', 1),
(28, 'C8', '', 1),
(29, 'C9', 'disabled', 1),
(30, 'C10', 'disabled', 1),
(31, 'D1', 'disabled', 1),
(32, 'D2', 'disabled', 1),
(33, 'D3', 'disabled', 1),
(34, 'D4', 'disabled', 1),
(35, 'D5', 'disabled', 1),
(36, 'D6', 'disabled', 1),
(37, 'D7', 'disabled', 1),
(38, 'D8', 'disabled', 1),
(39, 'D9', 'disabled', 1),
(40, 'D10', 'disabled', 1),
(41, 'E1', 'disabled', 1),
(42, 'E2', 'disabled', 1),
(43, 'E3', 'disabled', 1),
(44, 'E4', 'disabled', 1),
(45, 'E5', '', 1),
(46, 'E6', 'disabled', 1),
(47, 'E7', 'disabled', 1),
(48, 'E8', 'disabled', 1),
(49, 'E9', 'disabled', 1),
(50, 'E10', '', 1),
(51, 'F1', 'disabled', 1),
(52, 'F2', 'disabled', 1),
(53, 'F3', 'disabled', 1),
(54, 'F4', 'disabled', 1),
(55, 'F5', 'disabled', 1),
(56, 'F6', 'disabled', 1),
(57, 'F7', '', 1),
(58, 'F8', 'disabled', 1),
(59, 'F9', 'disabled', 1),
(60, 'F10', '', 1),
(61, 'G1', 'disabled', 1),
(62, 'G2', 'disabled', 1),
(63, 'G3', 'disabled', 1),
(64, 'G4', 'disabled', 1),
(65, 'G5', 'disabled', 1),
(66, 'G6', 'disabled', 1),
(67, 'G7', 'disabled', 1),
(68, 'G8', 'disabled', 1),
(69, 'G9', 'disabled', 1),
(70, 'G10', '', 1),
(71, 'H1', 'disabled', 1),
(72, 'H2', 'disabled', 1),
(73, 'H3', 'disabled', 1),
(74, 'H4', 'disabled', 1),
(75, 'H5', 'disabled', 1),
(76, 'H6', 'disabled', 1),
(77, 'H7', 'disabled', 1),
(78, 'H8', 'disabled', 1),
(79, 'H9', 'disabled', 1),
(80, 'H10', 'disabled', 1),
(81, 'A1', 'disabled', 2),
(82, 'A2', 'disabled', 2),
(83, 'A3', '', 2),
(84, 'A4', 'disabled', 2),
(85, 'A5', '', 2),
(86, 'A6', 'disabled', 2),
(87, 'A7', 'disabled', 2),
(88, 'A8', 'disabled', 2),
(89, 'A9', 'disabled', 2),
(90, 'A10', 'disabled', 2),
(91, 'B1', 'disabled', 2),
(92, 'B2', 'disabled', 2),
(93, 'B3', 'disabled', 2),
(94, 'B4', 'disabled', 2),
(95, 'B5', 'disabled', 2),
(96, 'B6', 'disabled', 2),
(97, 'B7', 'disabled', 2),
(98, 'B8', 'disabled', 2),
(99, 'B9', 'disabled', 2),
(100, 'B10', '', 2),
(101, 'C1', 'disabled', 2),
(102, 'C2', 'disabled', 2),
(103, 'C3', 'disabled', 2),
(104, 'C4', 'disabled', 2),
(105, 'C5', 'disabled', 2),
(106, 'C6', 'disabled', 2),
(107, 'C7', 'disabled', 2),
(108, 'C8', '', 2),
(109, 'C9', 'disabled', 2),
(110, 'C10', 'disabled', 2),
(111, 'D1', 'disabled', 2),
(112, 'D2', 'disabled', 2),
(113, 'D3', 'disabled', 2),
(114, 'D4', 'disabled', 2),
(115, 'D5', 'disabled', 2),
(116, 'D6', 'disabled', 2),
(117, 'D7', '', 2),
(118, 'D8', '', 2),
(119, 'D9', '', 2),
(120, 'D10', '', 2),
(121, 'E1', 'disabled', 2),
(122, 'E2', 'disabled', 2),
(123, 'E3', 'disabled', 2),
(124, 'E4', 'disabled', 2),
(125, 'E5', '', 2),
(126, 'E6', 'disabled', 2),
(127, 'E7', 'disabled', 2),
(128, 'E8', 'disabled', 2),
(129, 'E9', 'disabled', 2),
(130, 'E10', '', 2),
(131, 'F1', 'disabled', 2),
(132, 'F2', 'disabled', 2),
(133, 'F3', 'disabled', 2),
(134, 'F4', 'disabled', 2),
(135, 'F5', 'disabled', 2),
(136, 'F6', 'disabled', 2),
(137, 'F7', '', 2),
(138, 'F8', 'disabled', 2),
(139, 'F9', 'disabled', 2),
(140, 'F10', '', 2),
(141, 'G1', 'disabled', 2),
(142, 'G2', 'disabled', 2),
(143, 'G3', 'disabled', 2),
(144, 'G4', 'disabled', 2),
(145, 'G5', 'disabled', 2),
(146, 'G6', 'disabled', 2),
(147, 'G7', 'disabled', 2),
(148, 'G8', 'disabled', 2),
(149, 'G9', '', 2),
(150, 'G10', '', 2),
(151, 'H1', 'disabled', 2),
(152, 'H2', 'disabled', 2),
(153, 'H3', 'disabled', 2),
(154, 'H4', 'disabled', 2),
(155, 'H5', 'disabled', 2),
(156, 'H6', 'disabled', 2),
(157, 'H7', 'disabled', 2),
(158, 'H8', 'disabled', 2),
(159, 'H9', 'disabled', 2),
(160, 'H10', 'disabled', 2),
(161, 'A1', 'disabled', 3),
(162, 'A2', 'disabled', 3),
(163, 'A3', '', 3),
(164, 'A4', 'disabled', 3),
(165, 'A5', '', 3),
(166, 'A6', 'disabled', 3),
(167, 'A7', '', 3),
(168, 'A8', '', 3),
(169, 'A9', 'disabled', 3),
(170, 'A10', 'disabled', 3),
(171, 'B1', 'disabled', 3),
(172, 'B2', 'disabled', 3),
(173, 'B3', 'disabled', 3),
(174, 'B4', '', 3),
(175, 'B5', '', 3),
(176, 'B6', 'disabled', 3),
(177, 'B7', 'disabled', 3),
(178, 'B8', 'disabled', 3),
(179, 'B9', 'disabled', 3),
(180, 'B10', '', 3),
(181, 'C1', 'disabled', 3),
(182, 'C2', 'disabled', 3),
(183, 'C3', 'disabled', 3),
(184, 'C4', 'disabled', 3),
(185, 'C5', 'disabled', 3),
(186, 'C6', 'disabled', 3),
(187, 'C7', 'disabled', 3),
(188, 'C8', '', 3),
(189, 'C9', 'disabled', 3),
(190, 'C10', 'disabled', 3),
(191, 'D1', 'disabled', 3),
(192, 'D2', 'disabled', 3),
(193, 'D3', 'disabled', 3),
(194, 'D4', 'disabled', 3),
(195, 'D5', 'disabled', 3),
(196, 'D6', 'disabled', 3),
(197, 'D7', '', 3),
(198, 'D8', '', 3),
(199, 'D9', '', 3),
(200, 'D10', 'disabled', 3),
(201, 'E1', 'disabled', 3),
(202, 'E2', 'disabled', 3),
(203, 'E3', 'disabled', 3),
(204, 'E4', 'disabled', 3),
(205, 'E5', '', 3),
(206, 'E6', 'disabled', 3),
(207, 'E7', 'disabled', 3),
(208, 'E8', 'disabled', 3),
(209, 'E9', 'disabled', 3),
(210, 'E10', '', 3),
(211, 'F1', 'disabled', 3),
(212, 'F2', 'disabled', 3),
(213, 'F3', 'disabled', 3),
(214, 'F4', 'disabled', 3),
(215, 'F5', 'disabled', 3),
(216, 'F6', 'disabled', 3),
(217, 'F7', '', 3),
(218, 'F8', 'disabled', 3),
(219, 'F9', 'disabled', 3),
(220, 'F10', '', 3),
(221, 'G1', 'disabled', 3),
(222, 'G2', 'disabled', 3),
(223, 'G3', 'disabled', 3),
(224, 'G4', 'disabled', 3),
(225, 'G5', 'disabled', 3),
(226, 'G6', 'disabled', 3),
(227, 'G7', 'disabled', 3),
(228, 'G8', 'disabled', 3),
(229, 'G9', '', 3),
(230, 'G10', '', 3),
(231, 'H1', 'disabled', 3),
(232, 'H2', 'disabled', 3),
(233, 'H3', 'disabled', 3),
(234, 'H4', 'disabled', 3),
(235, 'H5', 'disabled', 3),
(236, 'H6', 'disabled', 3),
(237, 'H7', 'disabled', 3),
(238, 'H8', 'disabled', 3),
(239, 'H9', 'disabled', 3),
(240, 'H10', 'disabled', 3),
(241, 'A1', 'disabled', 4),
(242, 'A2', 'disabled', 4),
(243, 'A3', '', 4),
(244, 'A4', 'disabled', 4),
(245, 'A5', '', 4),
(246, 'A6', 'disabled', 4),
(247, 'A7', '', 4),
(248, 'A8', '', 4),
(249, 'A9', 'disabled', 4),
(250, 'A10', 'disabled', 4),
(251, 'B1', 'disabled', 4),
(252, 'B2', 'disabled', 4),
(253, 'B3', 'disabled', 4),
(254, 'B4', '', 4),
(255, 'B5', '', 4),
(256, 'B6', 'disabled', 4),
(257, 'B7', 'disabled', 4),
(258, 'B8', 'disabled', 4),
(259, 'B9', 'disabled', 4),
(260, 'B10', '', 4),
(261, 'C1', 'disabled', 4),
(262, 'C2', 'disabled', 4),
(263, 'C3', 'disabled', 4),
(264, 'C4', 'disabled', 4),
(265, 'C5', 'disabled', 4),
(266, 'C6', 'disabled', 4),
(267, 'C7', 'disabled', 4),
(268, 'C8', '', 4),
(269, 'C9', 'disabled', 4),
(270, 'C10', 'disabled', 4),
(271, 'D1', 'disabled', 4),
(272, 'D2', 'disabled', 4),
(273, 'D3', 'disabled', 4),
(274, 'D4', 'disabled', 4),
(275, 'D5', '', 4),
(276, 'D6', '', 4),
(277, 'D7', '', 4),
(278, 'D8', '', 4),
(279, 'D9', '', 4),
(280, 'D10', 'disabled', 4),
(281, 'E1', 'disabled', 4),
(282, 'E2', 'disabled', 4),
(283, 'E3', 'disabled', 4),
(284, 'E4', 'disabled', 4),
(285, 'E5', '', 4),
(286, 'E6', 'disabled', 4),
(287, 'E7', 'disabled', 4),
(288, 'E8', 'disabled', 4),
(289, 'E9', 'disabled', 4),
(290, 'E10', '', 4),
(291, 'F1', 'disabled', 4),
(292, 'F2', 'disabled', 4),
(293, 'F3', 'disabled', 4),
(294, 'F4', 'disabled', 4),
(295, 'F5', 'disabled', 4),
(296, 'F6', 'disabled', 4),
(297, 'F7', '', 4),
(298, 'F8', 'disabled', 4),
(299, 'F9', 'disabled', 4),
(300, 'F10', '', 4),
(301, 'G1', 'disabled', 4),
(302, 'G2', 'disabled', 4),
(303, 'G3', 'disabled', 4),
(304, 'G4', 'disabled', 4),
(305, 'G5', 'disabled', 4),
(306, 'G6', 'disabled', 4),
(307, 'G7', 'disabled', 4),
(308, 'G8', 'disabled', 4),
(309, 'G9', '', 4),
(310, 'G10', '', 4),
(311, 'H1', 'disabled', 4),
(312, 'H2', 'disabled', 4),
(313, 'H3', 'disabled', 4),
(314, 'H4', 'disabled', 4),
(315, 'H5', 'disabled', 4),
(316, 'H6', 'disabled', 4),
(317, 'H7', 'disabled', 4),
(318, 'H8', 'disabled', 4),
(319, 'H9', 'disabled', 4),
(320, 'H10', 'disabled', 4),
(321, 'A1', 'disabled', 5),
(322, 'A2', 'disabled', 5),
(323, 'A3', '', 5),
(324, 'A4', 'disabled', 5),
(325, 'A5', '', 5),
(326, 'A6', 'disabled', 5),
(327, 'A7', 'disabled', 5),
(328, 'A8', '', 5),
(329, 'A9', 'disabled', 5),
(330, 'A10', 'disabled', 5),
(331, 'B1', 'disabled', 5),
(332, 'B2', 'disabled', 5),
(333, 'B3', 'disabled', 5),
(334, 'B4', '', 5),
(335, 'B5', '', 5),
(336, 'B6', 'disabled', 5),
(337, 'B7', 'disabled', 5),
(338, 'B8', 'disabled', 5),
(339, 'B9', 'disabled', 5),
(340, 'B10', '', 5),
(341, 'C1', 'disabled', 5),
(342, 'C2', 'disabled', 5),
(343, 'C3', 'disabled', 5),
(344, 'C4', 'disabled', 5),
(345, 'C5', 'disabled', 5),
(346, 'C6', 'disabled', 5),
(347, 'C7', 'disabled', 5),
(348, 'C8', '', 5),
(349, 'C9', 'disabled', 5),
(350, 'C10', 'disabled', 5),
(351, 'D1', 'disabled', 5),
(352, 'D2', 'disabled', 5),
(353, 'D3', 'disabled', 5),
(354, 'D4', 'disabled', 5),
(355, 'D5', 'disabled', 5),
(356, 'D6', 'disabled', 5),
(357, 'D7', '', 5),
(358, 'D8', '', 5),
(359, 'D9', '', 5),
(360, 'D10', '', 5),
(361, 'E1', 'disabled', 5),
(362, 'E2', 'disabled', 5),
(363, 'E3', 'disabled', 5),
(364, 'E4', 'disabled', 5),
(365, 'E5', '', 5),
(366, 'E6', 'disabled', 5),
(367, 'E7', 'disabled', 5),
(368, 'E8', 'disabled', 5),
(369, 'E9', 'disabled', 5),
(370, 'E10', '', 5),
(371, 'F1', 'disabled', 5),
(372, 'F2', 'disabled', 5),
(373, 'F3', 'disabled', 5),
(374, 'F4', 'disabled', 5),
(375, 'F5', 'disabled', 5),
(376, 'F6', 'disabled', 5),
(377, 'F7', '', 5),
(378, 'F8', 'disabled', 5),
(379, 'F9', 'disabled', 5),
(380, 'F10', '', 5),
(381, 'G1', 'disabled', 5),
(382, 'G2', 'disabled', 5),
(383, 'G3', 'disabled', 5),
(384, 'G4', 'disabled', 5),
(385, 'G5', 'disabled', 5),
(386, 'G6', 'disabled', 5),
(387, 'G7', 'disabled', 5),
(388, 'G8', 'disabled', 5),
(389, 'G9', '', 5),
(390, 'G10', '', 5),
(391, 'H1', 'disabled', 5),
(392, 'H2', 'disabled', 5),
(393, 'H3', 'disabled', 5),
(394, 'H4', 'disabled', 5),
(395, 'H5', 'disabled', 5),
(396, 'H6', 'disabled', 5),
(397, 'H7', 'disabled', 5),
(398, 'H8', 'disabled', 5),
(399, 'H9', 'disabled', 5),
(400, 'H10', 'disabled', 5),
(401, 'A1', 'disabled', 6),
(402, 'A2', 'disabled', 6),
(403, 'A3', '', 6),
(404, 'A4', '', 6),
(405, 'A5', '', 6),
(406, 'A6', '', 6),
(407, 'A7', '', 6),
(408, 'A8', '', 6),
(409, 'A9', 'disabled', 6),
(410, 'A10', 'disabled', 6),
(411, 'B1', 'disabled', 6),
(412, 'B2', 'disabled', 6),
(413, 'B3', 'disabled', 6),
(414, 'B4', '', 6),
(415, 'B5', '', 6),
(416, 'B6', 'disabled', 6),
(417, 'B7', 'disabled', 6),
(418, 'B8', 'disabled', 6),
(419, 'B9', 'disabled', 6),
(420, 'B10', '', 6),
(421, 'C1', 'disabled', 6),
(422, 'C2', 'disabled', 6),
(423, 'C3', 'disabled', 6),
(424, 'C4', 'disabled', 6),
(425, 'C5', 'disabled', 6),
(426, 'C6', 'disabled', 6),
(427, 'C7', 'disabled', 6),
(428, 'C8', '', 6),
(429, 'C9', 'disabled', 6),
(430, 'C10', 'disabled', 6),
(431, 'D1', 'disabled', 6),
(432, 'D2', 'disabled', 6),
(433, 'D3', 'disabled', 6),
(434, 'D4', 'disabled', 6),
(435, 'D5', 'disabled', 6),
(436, 'D6', 'disabled', 6),
(437, 'D7', '', 6),
(438, 'D8', '', 6),
(439, 'D9', '', 6),
(440, 'D10', '', 6),
(441, 'E1', 'disabled', 6),
(442, 'E2', 'disabled', 6),
(443, 'E3', 'disabled', 6),
(444, 'E4', 'disabled', 6),
(445, 'E5', '', 6),
(446, 'E6', 'disabled', 6),
(447, 'E7', 'disabled', 6),
(448, 'E8', 'disabled', 6),
(449, 'E9', 'disabled', 6),
(450, 'E10', '', 6),
(451, 'F1', 'disabled', 6),
(452, 'F2', 'disabled', 6),
(453, 'F3', 'disabled', 6),
(454, 'F4', 'disabled', 6),
(455, 'F5', 'disabled', 6),
(456, 'F6', 'disabled', 6),
(457, 'F7', 'disabled', 6),
(458, 'F8', 'disabled', 6),
(459, 'F9', 'disabled', 6),
(460, 'F10', '', 6),
(461, 'G1', 'disabled', 6),
(462, 'G2', 'disabled', 6),
(463, 'G3', 'disabled', 6),
(464, 'G4', 'disabled', 6),
(465, 'G5', 'disabled', 6),
(466, 'G6', 'disabled', 6),
(467, 'G7', 'disabled', 6),
(468, 'G8', 'disabled', 6),
(469, 'G9', 'disabled', 6),
(470, 'G10', '', 6),
(471, 'H1', 'disabled', 6),
(472, 'H2', 'disabled', 6),
(473, 'H3', 'disabled', 6),
(474, 'H4', 'disabled', 6),
(475, 'H5', 'disabled', 6),
(476, 'H6', 'disabled', 6),
(477, 'H7', 'disabled', 6),
(478, 'H8', 'disabled', 6),
(479, 'H9', 'disabled', 6),
(480, 'H10', 'disabled', 6),
(481, 'A1', 'disabled', 7),
(482, 'A2', 'disabled', 7),
(483, 'A3', '', 7),
(484, 'A4', 'disabled', 7),
(485, 'A5', '', 7),
(486, 'A6', 'disabled', 7),
(487, 'A7', '', 7),
(488, 'A8', '', 7),
(489, 'A9', 'disabled', 7),
(490, 'A10', 'disabled', 7),
(491, 'B1', 'disabled', 7),
(492, 'B2', 'disabled', 7),
(493, 'B3', 'disabled', 7),
(494, 'B4', '', 7),
(495, 'B5', '', 7),
(496, 'B6', 'disabled', 7),
(497, 'B7', 'disabled', 7),
(498, 'B8', 'disabled', 7),
(499, 'B9', 'disabled', 7),
(500, 'B10', '', 7),
(501, 'C1', 'disabled', 7),
(502, 'C2', 'disabled', 7),
(503, 'C3', 'disabled', 7),
(504, 'C4', 'disabled', 7),
(505, 'C5', 'disabled', 7),
(506, 'C6', 'disabled', 7),
(507, 'C7', 'disabled', 7),
(508, 'C8', '', 7),
(509, 'C9', 'disabled', 7),
(510, 'C10', 'disabled', 7),
(511, 'D1', 'disabled', 7),
(512, 'D2', 'disabled', 7),
(513, 'D3', 'disabled', 7),
(514, 'D4', 'disabled', 7),
(515, 'D5', 'disabled', 7),
(516, 'D6', 'disabled', 7),
(517, 'D7', '', 7),
(518, 'D8', '', 7),
(519, 'D9', '', 7),
(520, 'D10', '', 7),
(521, 'E1', 'disabled', 7),
(522, 'E2', 'disabled', 7),
(523, 'E3', 'disabled', 7),
(524, 'E4', 'disabled', 7),
(525, 'E5', '', 7),
(526, 'E6', 'disabled', 7),
(527, 'E7', 'disabled', 7),
(528, 'E8', 'disabled', 7),
(529, 'E9', 'disabled', 7),
(530, 'E10', '', 7),
(531, 'F1', 'disabled', 7),
(532, 'F2', 'disabled', 7),
(533, 'F3', 'disabled', 7),
(534, 'F4', 'disabled', 7),
(535, 'F5', 'disabled', 7),
(536, 'F6', 'disabled', 7),
(537, 'F7', '', 7),
(538, 'F8', 'disabled', 7),
(539, 'F9', 'disabled', 7),
(540, 'F10', '', 7),
(541, 'G1', 'disabled', 7),
(542, 'G2', 'disabled', 7),
(543, 'G3', 'disabled', 7),
(544, 'G4', 'disabled', 7),
(545, 'G5', 'disabled', 7),
(546, 'G6', 'disabled', 7),
(547, 'G7', 'disabled', 7),
(548, 'G8', 'disabled', 7),
(549, 'G9', '', 7),
(550, 'G10', '', 7),
(551, 'H1', 'disabled', 7),
(552, 'H2', 'disabled', 7),
(553, 'H3', 'disabled', 7),
(554, 'H4', 'disabled', 7),
(555, 'H5', 'disabled', 7),
(556, 'H6', 'disabled', 7),
(557, 'H7', 'disabled', 7),
(558, 'H8', 'disabled', 7),
(559, 'H9', 'disabled', 7),
(560, 'H10', 'disabled', 7),
(561, 'A1', 'disabled', 8),
(562, 'A2', 'disabled', 8),
(563, 'A3', '', 8),
(564, 'A4', 'disabled', 8),
(565, 'A5', '', 8),
(566, 'A6', 'disabled', 8),
(567, 'A7', 'disabled', 8),
(568, 'A8', 'disabled', 8),
(569, 'A9', 'disabled', 8),
(570, 'A10', 'disabled', 8),
(571, 'B1', 'disabled', 8),
(572, 'B2', 'disabled', 8),
(573, 'B3', 'disabled', 8),
(574, 'B4', '', 8),
(575, 'B5', '', 8),
(576, 'B6', 'disabled', 8),
(577, 'B7', 'disabled', 8),
(578, 'B8', 'disabled', 8),
(579, 'B9', 'disabled', 8),
(580, 'B10', '', 8),
(581, 'C1', 'disabled', 8),
(582, 'C2', 'disabled', 8),
(583, 'C3', 'disabled', 8),
(584, 'C4', 'disabled', 8),
(585, 'C5', 'disabled', 8),
(586, 'C6', 'disabled', 8),
(587, 'C7', 'disabled', 8),
(588, 'C8', '', 8),
(589, 'C9', 'disabled', 8),
(590, 'C10', 'disabled', 8),
(591, 'D1', 'disabled', 8),
(592, 'D2', 'disabled', 8),
(593, 'D3', 'disabled', 8),
(594, 'D4', 'disabled', 8),
(595, 'D5', 'disabled', 8),
(596, 'D6', 'disabled', 8),
(597, 'D7', '', 8),
(598, 'D8', '', 8),
(599, 'D9', '', 8),
(600, 'D10', '', 8),
(601, 'E1', 'disabled', 8),
(602, 'E2', 'disabled', 8),
(603, 'E3', 'disabled', 8),
(604, 'E4', 'disabled', 8),
(605, 'E5', '', 8),
(606, 'E6', 'disabled', 8),
(607, 'E7', 'disabled', 8),
(608, 'E8', 'disabled', 8),
(609, 'E9', 'disabled', 8),
(610, 'E10', '', 8),
(611, 'F1', 'disabled', 8),
(612, 'F2', 'disabled', 8),
(613, 'F3', 'disabled', 8),
(614, 'F4', 'disabled', 8),
(615, 'F5', 'disabled', 8),
(616, 'F6', 'disabled', 8),
(617, 'F7', '', 8),
(618, 'F8', 'disabled', 8),
(619, 'F9', 'disabled', 8),
(620, 'F10', '', 8),
(621, 'G1', 'disabled', 8),
(622, 'G2', 'disabled', 8),
(623, 'G3', 'disabled', 8),
(624, 'G4', 'disabled', 8),
(625, 'G5', 'disabled', 8),
(626, 'G6', 'disabled', 8),
(627, 'G7', 'disabled', 8),
(628, 'G8', 'disabled', 8),
(629, 'G9', '', 8),
(630, 'G10', '', 8),
(631, 'H1', 'disabled', 8),
(632, 'H2', 'disabled', 8),
(633, 'H3', 'disabled', 8),
(634, 'H4', 'disabled', 8),
(635, 'H5', 'disabled', 8),
(636, 'H6', 'disabled', 8),
(637, 'H7', 'disabled', 8),
(638, 'H8', 'disabled', 8),
(639, 'H9', 'disabled', 8),
(640, 'H10', 'disabled', 8),
(641, 'A1', 'disabled', 9),
(642, 'A2', 'disabled', 9),
(643, 'A3', '', 9),
(644, 'A4', 'disabled', 9),
(645, 'A5', '', 9),
(646, 'A6', 'disabled', 9),
(647, 'A7', '', 9),
(648, 'A8', '', 9),
(649, 'A9', 'disabled', 9),
(650, 'A10', 'disabled', 9),
(651, 'B1', 'disabled', 9),
(652, 'B2', 'disabled', 9),
(653, 'B3', 'disabled', 9),
(654, 'B4', '', 9),
(655, 'B5', '', 9),
(656, 'B6', 'disabled', 9),
(657, 'B7', 'disabled', 9),
(658, 'B8', 'disabled', 9),
(659, 'B9', 'disabled', 9),
(660, 'B10', '', 9),
(661, 'C1', 'disabled', 9),
(662, 'C2', 'disabled', 9),
(663, 'C3', 'disabled', 9),
(664, 'C4', 'disabled', 9),
(665, 'C5', 'disabled', 9),
(666, 'C6', 'disabled', 9),
(667, 'C7', 'disabled', 9),
(668, 'C8', '', 9),
(669, 'C9', 'disabled', 9),
(670, 'C10', 'disabled', 9),
(671, 'D1', 'disabled', 9),
(672, 'D2', 'disabled', 9),
(673, 'D3', 'disabled', 9),
(674, 'D4', 'disabled', 9),
(675, 'D5', 'disabled', 9),
(676, 'D6', 'disabled', 9),
(677, 'D7', '', 9),
(678, 'D8', '', 9),
(679, 'D9', '', 9),
(680, 'D10', '', 9),
(681, 'E1', 'disabled', 9),
(682, 'E2', 'disabled', 9),
(683, 'E3', 'disabled', 9),
(684, 'E4', 'disabled', 9),
(685, 'E5', '', 9),
(686, 'E6', 'disabled', 9),
(687, 'E7', 'disabled', 9),
(688, 'E8', 'disabled', 9),
(689, 'E9', 'disabled', 9),
(690, 'E10', '', 9),
(691, 'F1', 'disabled', 9),
(692, 'F2', 'disabled', 9),
(693, 'F3', 'disabled', 9),
(694, 'F4', 'disabled', 9),
(695, 'F5', 'disabled', 9),
(696, 'F6', 'disabled', 9),
(697, 'F7', '', 9),
(698, 'F8', 'disabled', 9),
(699, 'F9', 'disabled', 9),
(700, 'F10', '', 9),
(701, 'G1', 'disabled', 9),
(702, 'G2', 'disabled', 9),
(703, 'G3', 'disabled', 9),
(704, 'G4', 'disabled', 9),
(705, 'G5', 'disabled', 9),
(706, 'G6', 'disabled', 9),
(707, 'G7', 'disabled', 9),
(708, 'G8', 'disabled', 9),
(709, 'G9', 'disabled', 9),
(710, 'G10', '', 9),
(711, 'H1', 'disabled', 9),
(712, 'H2', 'disabled', 9),
(713, 'H3', 'disabled', 9),
(714, 'H4', 'disabled', 9),
(715, 'H5', 'disabled', 9),
(716, 'H6', 'disabled', 9),
(717, 'H7', 'disabled', 9),
(718, 'H8', 'disabled', 9),
(719, 'H9', 'disabled', 9),
(720, 'H10', 'disabled', 9),
(721, 'A1', 'disabled', 10),
(722, 'A2', 'disabled', 10),
(723, 'A3', '', 10),
(724, 'A4', 'disabled', 10),
(725, 'A5', '', 10),
(726, 'A6', 'disabled', 10),
(727, 'A7', '', 10),
(728, 'A8', '', 10),
(729, 'A9', 'disabled', 10),
(730, 'A10', 'disabled', 10),
(731, 'B1', 'disabled', 10),
(732, 'B2', 'disabled', 10),
(733, 'B3', 'disabled', 10),
(734, 'B4', '', 10),
(735, 'B5', '', 10),
(736, 'B6', 'disabled', 10),
(737, 'B7', 'disabled', 10),
(738, 'B8', 'disabled', 10),
(739, 'B9', 'disabled', 10),
(740, 'B10', '', 10),
(741, 'C1', 'disabled', 10),
(742, 'C2', 'disabled', 10),
(743, 'C3', 'disabled', 10),
(744, 'C4', 'disabled', 10),
(745, 'C5', 'disabled', 10),
(746, 'C6', 'disabled', 10),
(747, 'C7', 'disabled', 10),
(748, 'C8', '', 10),
(749, 'C9', 'disabled', 10),
(750, 'C10', 'disabled', 10),
(751, 'D1', 'disabled', 10),
(752, 'D2', 'disabled', 10),
(753, 'D3', 'disabled', 10),
(754, 'D4', 'disabled', 10),
(755, 'D5', 'disabled', 10),
(756, 'D6', 'disabled', 10),
(757, 'D7', '', 10),
(758, 'D8', '', 10),
(759, 'D9', '', 10),
(760, 'D10', '', 10),
(761, 'E1', 'disabled', 10),
(762, 'E2', 'disabled', 10),
(763, 'E3', 'disabled', 10),
(764, 'E4', 'disabled', 10),
(765, 'E5', '', 10),
(766, 'E6', 'disabled', 10),
(767, 'E7', 'disabled', 10),
(768, 'E8', 'disabled', 10),
(769, 'E9', 'disabled', 10),
(770, 'E10', '', 10),
(771, 'F1', 'disabled', 10),
(772, 'F2', 'disabled', 10),
(773, 'F3', 'disabled', 10),
(774, 'F4', 'disabled', 10),
(775, 'F5', 'disabled', 10),
(776, 'F6', 'disabled', 10),
(777, 'F7', '', 10),
(778, 'F8', 'disabled', 10),
(779, 'F9', 'disabled', 10),
(780, 'F10', '', 10),
(781, 'G1', 'disabled', 10),
(782, 'G2', 'disabled', 10),
(783, 'G3', 'disabled', 10),
(784, 'G4', 'disabled', 10),
(785, 'G5', 'disabled', 10),
(786, 'G6', 'disabled', 10),
(787, 'G7', 'disabled', 10),
(788, 'G8', 'disabled', 10),
(789, 'G9', '', 10),
(790, 'G10', '', 10),
(791, 'H1', 'disabled', 10),
(792, 'H2', 'disabled', 10),
(793, 'H3', 'disabled', 10),
(794, 'H4', 'disabled', 10),
(795, 'H5', 'disabled', 10),
(796, 'H6', 'disabled', 10),
(797, 'H7', 'disabled', 10),
(798, 'H8', 'disabled', 10),
(799, 'H9', 'disabled', 10),
(800, 'H10', 'disabled', 10),
(801, 'A1', 'disabled', 11),
(802, 'A2', 'disabled', 11),
(803, 'A3', '', 11),
(804, 'A4', 'disabled', 11),
(805, 'A5', '', 11),
(806, 'A6', 'disabled', 11),
(807, 'A7', '', 11),
(808, 'A8', '', 11),
(809, 'A9', 'disabled', 11),
(810, 'A10', 'disabled', 11),
(811, 'B1', 'disabled', 11),
(812, 'B2', 'disabled', 11),
(813, 'B3', 'disabled', 11),
(814, 'B4', '', 11),
(815, 'B5', '', 11),
(816, 'B6', 'disabled', 11),
(817, 'B7', 'disabled', 11),
(818, 'B8', 'disabled', 11),
(819, 'B9', 'disabled', 11),
(820, 'B10', '', 11),
(821, 'C1', 'disabled', 11),
(822, 'C2', 'disabled', 11),
(823, 'C3', 'disabled', 11),
(824, 'C4', 'disabled', 11),
(825, 'C5', 'disabled', 11),
(826, 'C6', 'disabled', 11),
(827, 'C7', 'disabled', 11),
(828, 'C8', '', 11),
(829, 'C9', 'disabled', 11),
(830, 'C10', 'disabled', 11),
(831, 'D1', 'disabled', 11),
(832, 'D2', 'disabled', 11),
(833, 'D3', 'disabled', 11),
(834, 'D4', 'disabled', 11),
(835, 'D5', 'disabled', 11),
(836, 'D6', 'disabled', 11),
(837, 'D7', '', 11),
(838, 'D8', '', 11),
(839, 'D9', '', 11),
(840, 'D10', '', 11),
(841, 'E1', 'disabled', 11),
(842, 'E2', 'disabled', 11),
(843, 'E3', 'disabled', 11),
(844, 'E4', 'disabled', 11),
(845, 'E5', '', 11),
(846, 'E6', 'disabled', 11),
(847, 'E7', 'disabled', 11),
(848, 'E8', 'disabled', 11),
(849, 'E9', 'disabled', 11),
(850, 'E10', '', 11),
(851, 'F1', 'disabled', 11),
(852, 'F2', 'disabled', 11),
(853, 'F3', 'disabled', 11),
(854, 'F4', 'disabled', 11),
(855, 'F5', 'disabled', 11),
(856, 'F6', 'disabled', 11),
(857, 'F7', '', 11),
(858, 'F8', 'disabled', 11),
(859, 'F9', 'disabled', 11),
(860, 'F10', '', 11),
(861, 'G1', 'disabled', 11),
(862, 'G2', 'disabled', 11),
(863, 'G3', 'disabled', 11),
(864, 'G4', 'disabled', 11),
(865, 'G5', 'disabled', 11),
(866, 'G6', 'disabled', 11),
(867, 'G7', 'disabled', 11),
(868, 'G8', 'disabled', 11),
(869, 'G9', '', 11),
(870, 'G10', '', 11),
(871, 'H1', 'disabled', 11),
(872, 'H2', 'disabled', 11),
(873, 'H3', 'disabled', 11),
(874, 'H4', 'disabled', 11),
(875, 'H5', 'disabled', 11),
(876, 'H6', 'disabled', 11),
(877, 'H7', 'disabled', 11),
(878, 'H8', 'disabled', 11),
(879, 'H9', 'disabled', 11),
(880, 'H10', 'disabled', 11),
(881, 'A1', 'disabled', 12),
(882, 'A2', 'disabled', 12),
(883, 'A3', '', 12),
(884, 'A4', 'disabled', 12),
(885, 'A5', '', 12),
(886, 'A6', 'disabled', 12),
(887, 'A7', '', 12),
(888, 'A8', '', 12),
(889, 'A9', 'disabled', 12),
(890, 'A10', 'disabled', 12),
(891, 'B1', 'disabled', 12),
(892, 'B2', 'disabled', 12),
(893, 'B3', 'disabled', 12),
(894, 'B4', 'disabled', 12),
(895, 'B5', 'disabled', 12),
(896, 'B6', 'disabled', 12),
(897, 'B7', 'disabled', 12),
(898, 'B8', 'disabled', 12),
(899, 'B9', 'disabled', 12),
(900, 'B10', '', 12),
(901, 'C1', 'disabled', 12),
(902, 'C2', 'disabled', 12),
(903, 'C3', 'disabled', 12),
(904, 'C4', 'disabled', 12),
(905, 'C5', 'disabled', 12),
(906, 'C6', 'disabled', 12),
(907, 'C7', 'disabled', 12),
(908, 'C8', '', 12),
(909, 'C9', 'disabled', 12),
(910, 'C10', 'disabled', 12),
(911, 'D1', 'disabled', 12),
(912, 'D2', 'disabled', 12),
(913, 'D3', 'disabled', 12),
(914, 'D4', 'disabled', 12),
(915, 'D5', 'disabled', 12),
(916, 'D6', 'disabled', 12),
(917, 'D7', '', 12),
(918, 'D8', '', 12),
(919, 'D9', '', 12),
(920, 'D10', '', 12),
(921, 'E1', 'disabled', 12),
(922, 'E2', 'disabled', 12),
(923, 'E3', 'disabled', 12),
(924, 'E4', 'disabled', 12),
(925, 'E5', '', 12),
(926, 'E6', 'disabled', 12),
(927, 'E7', 'disabled', 12),
(928, 'E8', 'disabled', 12),
(929, 'E9', 'disabled', 12),
(930, 'E10', '', 12),
(931, 'F1', 'disabled', 12),
(932, 'F2', 'disabled', 12),
(933, 'F3', 'disabled', 12),
(934, 'F4', 'disabled', 12),
(935, 'F5', 'disabled', 12),
(936, 'F6', 'disabled', 12),
(937, 'F7', '', 12),
(938, 'F8', 'disabled', 12),
(939, 'F9', 'disabled', 12),
(940, 'F10', '', 12),
(941, 'G1', 'disabled', 12),
(942, 'G2', 'disabled', 12),
(943, 'G3', 'disabled', 12),
(944, 'G4', 'disabled', 12),
(945, 'G5', 'disabled', 12),
(946, 'G6', 'disabled', 12),
(947, 'G7', 'disabled', 12),
(948, 'G8', 'disabled', 12),
(949, 'G9', '', 12),
(950, 'G10', '', 12),
(951, 'H1', 'disabled', 12),
(952, 'H2', 'disabled', 12),
(953, 'H3', 'disabled', 12),
(954, 'H4', 'disabled', 12),
(955, 'H5', 'disabled', 12),
(956, 'H6', 'disabled', 12),
(957, 'H7', 'disabled', 12),
(958, 'H8', 'disabled', 12),
(959, 'H9', 'disabled', 12),
(960, 'H10', 'disabled', 12),
(961, 'A1', 'disabled', 13),
(962, 'A2', 'disabled', 13),
(963, 'A3', '', 13),
(964, 'A4', 'disabled', 13),
(965, 'A5', '', 13),
(966, 'A6', 'disabled', 13),
(967, 'A7', '', 13),
(968, 'A8', '', 13),
(969, 'A9', 'disabled', 13),
(970, 'A10', 'disabled', 13),
(971, 'B1', 'disabled', 13),
(972, 'B2', 'disabled', 13),
(973, 'B3', 'disabled', 13),
(974, 'B4', '', 13),
(975, 'B5', '', 13),
(976, 'B6', 'disabled', 13),
(977, 'B7', 'disabled', 13),
(978, 'B8', 'disabled', 13),
(979, 'B9', 'disabled', 13),
(980, 'B10', '', 13),
(981, 'C1', 'disabled', 13),
(982, 'C2', 'disabled', 13),
(983, 'C3', 'disabled', 13),
(984, 'C4', 'disabled', 13),
(985, 'C5', 'disabled', 13),
(986, 'C6', 'disabled', 13),
(987, 'C7', 'disabled', 13),
(988, 'C8', '', 13),
(989, 'C9', 'disabled', 13),
(990, 'C10', 'disabled', 13),
(991, 'D1', 'disabled', 13),
(992, 'D2', 'disabled', 13),
(993, 'D3', 'disabled', 13),
(994, 'D4', 'disabled', 13),
(995, 'D5', 'disabled', 13),
(996, 'D6', 'disabled', 13),
(997, 'D7', '', 13),
(998, 'D8', '', 13),
(999, 'D9', '', 13),
(1000, 'D10', '', 13),
(1001, 'E1', 'disabled', 13),
(1002, 'E2', 'disabled', 13),
(1003, 'E3', 'disabled', 13),
(1004, 'E4', 'disabled', 13),
(1005, 'E5', '', 13),
(1006, 'E6', 'disabled', 13),
(1007, 'E7', 'disabled', 13),
(1008, 'E8', 'disabled', 13),
(1009, 'E9', 'disabled', 13),
(1010, 'E10', '', 13),
(1011, 'F1', 'disabled', 13),
(1012, 'F2', 'disabled', 13),
(1013, 'F3', 'disabled', 13),
(1014, 'F4', 'disabled', 13),
(1015, 'F5', 'disabled', 13),
(1016, 'F6', 'disabled', 13),
(1017, 'F7', '', 13),
(1018, 'F8', 'disabled', 13),
(1019, 'F9', 'disabled', 13),
(1020, 'F10', '', 13),
(1021, 'G1', 'disabled', 13),
(1022, 'G2', 'disabled', 13),
(1023, 'G3', 'disabled', 13),
(1024, 'G4', 'disabled', 13),
(1025, 'G5', 'disabled', 13),
(1026, 'G6', 'disabled', 13),
(1027, 'G7', 'disabled', 13),
(1028, 'G8', 'disabled', 13),
(1029, 'G9', '', 13),
(1030, 'G10', '', 13),
(1031, 'H1', 'disabled', 13),
(1032, 'H2', 'disabled', 13),
(1033, 'H3', 'disabled', 13),
(1034, 'H4', 'disabled', 13),
(1035, 'H5', 'disabled', 13),
(1036, 'H6', 'disabled', 13),
(1037, 'H7', 'disabled', 13),
(1038, 'H8', 'disabled', 13),
(1039, 'H9', 'disabled', 13),
(1040, 'H10', 'disabled', 13),
(1041, 'A1', 'disabled', 14),
(1042, 'A2', 'disabled', 14),
(1043, 'A3', '', 14),
(1044, 'A4', 'disabled', 14),
(1045, 'A5', '', 14),
(1046, 'A6', 'disabled', 14),
(1047, 'A7', '', 14),
(1048, 'A8', '', 14),
(1049, 'A9', 'disabled', 14),
(1050, 'A10', 'disabled', 14),
(1051, 'B1', 'disabled', 14),
(1052, 'B2', 'disabled', 14),
(1053, 'B3', 'disabled', 14),
(1054, 'B4', '', 14),
(1055, 'B5', '', 14),
(1056, 'B6', 'disabled', 14),
(1057, 'B7', 'disabled', 14),
(1058, 'B8', 'disabled', 14),
(1059, 'B9', 'disabled', 14),
(1060, 'B10', '', 14),
(1061, 'C1', 'disabled', 14),
(1062, 'C2', 'disabled', 14),
(1063, 'C3', 'disabled', 14),
(1064, 'C4', 'disabled', 14),
(1065, 'C5', 'disabled', 14),
(1066, 'C6', 'disabled', 14),
(1067, 'C7', 'disabled', 14),
(1068, 'C8', '', 14),
(1069, 'C9', 'disabled', 14),
(1070, 'C10', 'disabled', 14),
(1071, 'D1', 'disabled', 14),
(1072, 'D2', 'disabled', 14),
(1073, 'D3', 'disabled', 14),
(1074, 'D4', 'disabled', 14),
(1075, 'D5', 'disabled', 14),
(1076, 'D6', 'disabled', 14),
(1077, 'D7', '', 14),
(1078, 'D8', '', 14),
(1079, 'D9', '', 14),
(1080, 'D10', '', 14),
(1081, 'E1', 'disabled', 14),
(1082, 'E2', 'disabled', 14),
(1083, 'E3', 'disabled', 14),
(1084, 'E4', 'disabled', 14),
(1085, 'E5', '', 14),
(1086, 'E6', 'disabled', 14),
(1087, 'E7', 'disabled', 14),
(1088, 'E8', 'disabled', 14),
(1089, 'E9', 'disabled', 14),
(1090, 'E10', '', 14),
(1091, 'F1', 'disabled', 14),
(1092, 'F2', 'disabled', 14),
(1093, 'F3', 'disabled', 14),
(1094, 'F4', 'disabled', 14),
(1095, 'F5', 'disabled', 14),
(1096, 'F6', 'disabled', 14),
(1097, 'F7', '', 14),
(1098, 'F8', 'disabled', 14),
(1099, 'F9', 'disabled', 14),
(1100, 'F10', '', 14),
(1101, 'G1', 'disabled', 14),
(1102, 'G2', 'disabled', 14),
(1103, 'G3', 'disabled', 14),
(1104, 'G4', 'disabled', 14),
(1105, 'G5', 'disabled', 14),
(1106, 'G6', 'disabled', 14),
(1107, 'G7', 'disabled', 14),
(1108, 'G8', 'disabled', 14),
(1109, 'G9', '', 14),
(1110, 'G10', '', 14),
(1111, 'H1', 'disabled', 14),
(1112, 'H2', 'disabled', 14),
(1113, 'H3', 'disabled', 14),
(1114, 'H4', 'disabled', 14),
(1115, 'H5', 'disabled', 14),
(1116, 'H6', 'disabled', 14),
(1117, 'H7', 'disabled', 14),
(1118, 'H8', 'disabled', 14),
(1119, 'H9', 'disabled', 14),
(1120, 'H10', 'disabled', 14),
(1121, 'A1', 'disabled', 15),
(1122, 'A2', 'disabled', 15),
(1123, 'A3', '', 15),
(1124, 'A4', 'disabled', 15),
(1125, 'A5', '', 15),
(1126, 'A6', 'disabled', 15),
(1127, 'A7', '', 15),
(1128, 'A8', '', 15),
(1129, 'A9', 'disabled', 15),
(1130, 'A10', 'disabled', 15),
(1131, 'B1', 'disabled', 15),
(1132, 'B2', 'disabled', 15),
(1133, 'B3', 'disabled', 15),
(1134, 'B4', '', 15),
(1135, 'B5', '', 15),
(1136, 'B6', 'disabled', 15),
(1137, 'B7', 'disabled', 15),
(1138, 'B8', 'disabled', 15),
(1139, 'B9', 'disabled', 15),
(1140, 'B10', '', 15),
(1141, 'C1', 'disabled', 15),
(1142, 'C2', 'disabled', 15),
(1143, 'C3', 'disabled', 15),
(1144, 'C4', 'disabled', 15),
(1145, 'C5', 'disabled', 15),
(1146, 'C6', 'disabled', 15),
(1147, 'C7', 'disabled', 15),
(1148, 'C8', '', 15),
(1149, 'C9', 'disabled', 15),
(1150, 'C10', 'disabled', 15),
(1151, 'D1', 'disabled', 15),
(1152, 'D2', 'disabled', 15),
(1153, 'D3', 'disabled', 15),
(1154, 'D4', 'disabled', 15),
(1155, 'D5', 'disabled', 15),
(1156, 'D6', 'disabled', 15),
(1157, 'D7', '', 15),
(1158, 'D8', '', 15),
(1159, 'D9', '', 15),
(1160, 'D10', '', 15),
(1161, 'E1', 'disabled', 15),
(1162, 'E2', 'disabled', 15),
(1163, 'E3', 'disabled', 15),
(1164, 'E4', 'disabled', 15),
(1165, 'E5', '', 15),
(1166, 'E6', 'disabled', 15),
(1167, 'E7', 'disabled', 15),
(1168, 'E8', 'disabled', 15),
(1169, 'E9', 'disabled', 15),
(1170, 'E10', '', 15),
(1171, 'F1', 'disabled', 15),
(1172, 'F2', 'disabled', 15),
(1173, 'F3', 'disabled', 15),
(1174, 'F4', 'disabled', 15),
(1175, 'F5', 'disabled', 15),
(1176, 'F6', 'disabled', 15),
(1177, 'F7', '', 15),
(1178, 'F8', 'disabled', 15),
(1179, 'F9', 'disabled', 15),
(1180, 'F10', '', 15),
(1181, 'G1', 'disabled', 15),
(1182, 'G2', 'disabled', 15),
(1183, 'G3', 'disabled', 15),
(1184, 'G4', 'disabled', 15),
(1185, 'G5', 'disabled', 15),
(1186, 'G6', 'disabled', 15),
(1187, 'G7', 'disabled', 15),
(1188, 'G8', 'disabled', 15),
(1189, 'G9', '', 15),
(1190, 'G10', '', 15),
(1191, 'H1', 'disabled', 15),
(1192, 'H2', 'disabled', 15),
(1193, 'H3', 'disabled', 15),
(1194, 'H4', 'disabled', 15),
(1195, 'H5', 'disabled', 15),
(1196, 'H6', 'disabled', 15),
(1197, 'H7', 'disabled', 15),
(1198, 'H8', 'disabled', 15),
(1199, 'H9', 'disabled', 15),
(1200, 'H10', 'disabled', 15),
(1201, 'A1', 'disabled', 16),
(1202, 'A2', 'disabled', 16),
(1203, 'A3', '', 16),
(1204, 'A4', 'disabled', 16),
(1205, 'A5', '', 16),
(1206, 'A6', 'disabled', 16),
(1207, 'A7', '', 16),
(1208, 'A8', '', 16),
(1209, 'A9', 'disabled', 16),
(1210, 'A10', 'disabled', 16),
(1211, 'B1', 'disabled', 16),
(1212, 'B2', 'disabled', 16),
(1213, 'B3', 'disabled', 16),
(1214, 'B4', '', 16),
(1215, 'B5', '', 16),
(1216, 'B6', 'disabled', 16),
(1217, 'B7', 'disabled', 16),
(1218, 'B8', 'disabled', 16),
(1219, 'B9', 'disabled', 16),
(1220, 'B10', '', 16),
(1221, 'C1', 'disabled', 16),
(1222, 'C2', 'disabled', 16),
(1223, 'C3', 'disabled', 16),
(1224, 'C4', 'disabled', 16),
(1225, 'C5', 'disabled', 16),
(1226, 'C6', 'disabled', 16),
(1227, 'C7', 'disabled', 16),
(1228, 'C8', '', 16),
(1229, 'C9', 'disabled', 16),
(1230, 'C10', 'disabled', 16),
(1231, 'D1', 'disabled', 16),
(1232, 'D2', 'disabled', 16),
(1233, 'D3', 'disabled', 16),
(1234, 'D4', 'disabled', 16),
(1235, 'D5', 'disabled', 16),
(1236, 'D6', 'disabled', 16),
(1237, 'D7', '', 16),
(1238, 'D8', '', 16),
(1239, 'D9', '', 16),
(1240, 'D10', '', 16),
(1241, 'E1', 'disabled', 16),
(1242, 'E2', 'disabled', 16),
(1243, 'E3', 'disabled', 16),
(1244, 'E4', 'disabled', 16),
(1245, 'E5', '', 16),
(1246, 'E6', 'disabled', 16),
(1247, 'E7', 'disabled', 16),
(1248, 'E8', 'disabled', 16),
(1249, 'E9', 'disabled', 16),
(1250, 'E10', '', 16),
(1251, 'F1', 'disabled', 16),
(1252, 'F2', 'disabled', 16),
(1253, 'F3', 'disabled', 16),
(1254, 'F4', 'disabled', 16),
(1255, 'F5', 'disabled', 16),
(1256, 'F6', 'disabled', 16),
(1257, 'F7', '', 16),
(1258, 'F8', 'disabled', 16),
(1259, 'F9', 'disabled', 16),
(1260, 'F10', '', 16),
(1261, 'G1', 'disabled', 16),
(1262, 'G2', 'disabled', 16),
(1263, 'G3', 'disabled', 16),
(1264, 'G4', 'disabled', 16),
(1265, 'G5', 'disabled', 16),
(1266, 'G6', 'disabled', 16),
(1267, 'G7', 'disabled', 16),
(1268, 'G8', 'disabled', 16),
(1269, 'G9', '', 16),
(1270, 'G10', '', 16),
(1271, 'H1', 'disabled', 16),
(1272, 'H2', 'disabled', 16),
(1273, 'H3', 'disabled', 16),
(1274, 'H4', 'disabled', 16),
(1275, 'H5', 'disabled', 16),
(1276, 'H6', 'disabled', 16),
(1277, 'H7', 'disabled', 16),
(1278, 'H8', 'disabled', 16),
(1279, 'H9', 'disabled', 16),
(1280, 'H10', 'disabled', 16),
(1281, 'A1', 'disabled', 17),
(1282, 'A2', 'disabled', 17),
(1283, 'A3', '', 17),
(1284, 'A4', 'disabled', 17),
(1285, 'A5', '', 17),
(1286, 'A6', 'disabled', 17),
(1287, 'A7', '', 17),
(1288, 'A8', '', 17),
(1289, 'A9', 'disabled', 17),
(1290, 'A10', 'disabled', 17),
(1291, 'B1', 'disabled', 17),
(1292, 'B2', 'disabled', 17),
(1293, 'B3', 'disabled', 17),
(1294, 'B4', '', 17),
(1295, 'B5', '', 17),
(1296, 'B6', 'disabled', 17),
(1297, 'B7', 'disabled', 17),
(1298, 'B8', 'disabled', 17),
(1299, 'B9', 'disabled', 17),
(1300, 'B10', '', 17),
(1301, 'C1', 'disabled', 17),
(1302, 'C2', 'disabled', 17),
(1303, 'C3', 'disabled', 17),
(1304, 'C4', 'disabled', 17),
(1305, 'C5', 'disabled', 17),
(1306, 'C6', 'disabled', 17),
(1307, 'C7', 'disabled', 17),
(1308, 'C8', '', 17),
(1309, 'C9', 'disabled', 17),
(1310, 'C10', 'disabled', 17),
(1311, 'D1', 'disabled', 17),
(1312, 'D2', 'disabled', 17),
(1313, 'D3', 'disabled', 17),
(1314, 'D4', 'disabled', 17),
(1315, 'D5', 'disabled', 17),
(1316, 'D6', 'disabled', 17),
(1317, 'D7', '', 17),
(1318, 'D8', '', 17),
(1319, 'D9', '', 17),
(1320, 'D10', '', 17),
(1321, 'E1', 'disabled', 17),
(1322, 'E2', 'disabled', 17),
(1323, 'E3', 'disabled', 17),
(1324, 'E4', 'disabled', 17),
(1325, 'E5', '', 17),
(1326, 'E6', 'disabled', 17),
(1327, 'E7', 'disabled', 17),
(1328, 'E8', 'disabled', 17),
(1329, 'E9', 'disabled', 17),
(1330, 'E10', '', 17),
(1331, 'F1', 'disabled', 17),
(1332, 'F2', 'disabled', 17),
(1333, 'F3', 'disabled', 17),
(1334, 'F4', 'disabled', 17),
(1335, 'F5', 'disabled', 17),
(1336, 'F6', 'disabled', 17),
(1337, 'F7', '', 17),
(1338, 'F8', 'disabled', 17),
(1339, 'F9', 'disabled', 17),
(1340, 'F10', '', 17),
(1341, 'G1', 'disabled', 17),
(1342, 'G2', 'disabled', 17),
(1343, 'G3', 'disabled', 17),
(1344, 'G4', 'disabled', 17),
(1345, 'G5', 'disabled', 17),
(1346, 'G6', 'disabled', 17),
(1347, 'G7', 'disabled', 17),
(1348, 'G8', 'disabled', 17),
(1349, 'G9', '', 17),
(1350, 'G10', '', 17),
(1351, 'H1', 'disabled', 17),
(1352, 'H2', 'disabled', 17),
(1353, 'H3', 'disabled', 17),
(1354, 'H4', 'disabled', 17),
(1355, 'H5', 'disabled', 17),
(1356, 'H6', 'disabled', 17),
(1357, 'H7', 'disabled', 17),
(1358, 'H8', 'disabled', 17),
(1359, 'H9', 'disabled', 17),
(1360, 'H10', 'disabled', 17);

-- --------------------------------------------------------

--
-- Struktur dari tabel `pembeliantiket`
--

CREATE TABLE `pembeliantiket` (
  `id_tiket` int(11) NOT NULL,
  `tanggal` date NOT NULL,
  `harga` int(11) NOT NULL,
  `jumlahTiket` int(11) NOT NULL,
  `tempat` varchar(50) NOT NULL,
  `totalHarga` int(11) NOT NULL,
  `id_user` int(11) NOT NULL,
  `id_jadwal` int(11) NOT NULL,
  `status` varchar(20) NOT NULL
) ENGINE=InnoDB DEFAULT CHARSET=utf8mb4;

--
-- Dumping data untuk tabel `pembeliantiket`
--

INSERT INTO `pembeliantiket` (`id_tiket`, `tanggal`, `harga`, `jumlahTiket`, `tempat`, `totalHarga`, `id_user`, `id_jadwal`, `status`) VALUES
(33, '2024-01-13', 40000, 2, 'B4 B5 ', 80000, 1, 12, 'sudah bayar'),
(36, '2024-01-14', 40000, 2, 'A7 A8 ', 80000, 1, 2, 'sudah bayar'),
(39, '2024-01-15', 40000, 4, 'D7 D8 D9 D10 ', 160000, 11, 1, 'sudah bayar'),
(40, '2024-01-15', 40000, 1, 'D10 ', 40000, 12, 3, 'belum bayar'),
(41, '2024-01-15', 40000, 1, 'G9 ', 40000, 12, 1, 'sudah bayar'),
(42, '2024-01-16', 40000, 0, '', 0, 13, 0, 'belum bayar'),
(43, '2024-01-18', 40000, 0, '', 0, 13, 0, 'belum bayar'),
(44, '2024-01-18', 40000, 0, '', 0, 13, 0, 'belum bayar'),
(45, '2024-01-18', 40000, 0, '', 0, 13, 0, 'belum bayar'),
(46, '2024-01-18', 40000, 0, '', 0, 13, 0, 'belum bayar'),
(47, '2024-01-18', 40000, 0, '', 0, 13, 0, 'belum bayar'),
(49, '2024-01-18', 40000, 2, 'G9 F7 ', 80000, 14, 6, 'belum bayar'),
(50, '2024-01-18', 40000, 2, 'A7 A8 ', 80000, 1, 8, 'sudah bayar'),
(51, '2024-01-18', 40000, 1, 'A7 ', 40000, 1, 5, 'sudah bayar'),
(54, '2024-01-19', 40000, 1, 'D10 ', 40000, 15, 4, 'pending'),
(57, '2024-01-20', 40000, 1, 'G9 ', 40000, 1, 9, 'belum bayar'),
(58, '2024-01-22', 40000, 2, 'B4 B5 ', 80000, 16, 2, 'sudah bayar'),
(59, '2024-01-24', 40000, 2, 'A7 A8 ', 80000, 1, 1, 'sudah bayar');

-- --------------------------------------------------------

--
-- Struktur dari tabel `users`
--

CREATE TABLE `users` (
  `id_user` int(11) NOT NULL,
  `namaLengkap` varchar(50) NOT NULL,
  `email` varchar(100) NOT NULL,
  `provinsi` varchar(100) NOT NULL,
  `kota` varchar(100) NOT NULL,
  `jk` varchar(20) NOT NULL,
  `tLahir` date NOT NULL,
  `username` varchar(50) NOT NULL,
  `password` varchar(255) NOT NULL,
  `hakAkses` varchar(20) NOT NULL
) ENGINE=InnoDB DEFAULT CHARSET=utf8mb4;

--
-- Dumping data untuk tabel `users`
--

INSERT INTO `users` (`id_user`, `namaLengkap`, `email`, `provinsi`, `kota`, `jk`, `tLahir`, `username`, `password`, `hakAkses`) VALUES
(1, 'dandi', 'dandi@gmail.com', 'jawa barat', 'bekasi', 'laki-laki', '2004-08-02', 'dandi', '202cb962ac59075b964b07152d234b70', 'user'),
(7, 'admin ida haha', 'uhuy@gmail.com', 'Jawa Barat', 'bandung', 'laki-laki', '0000-00-00', 'admin', '21232f297a57a5a743894a0e4a801fc3', 'admin'),
(9, 'Elmayda Dyah Irama', 'elmayda.dyah18@gmail.com', 'Jawa Barat', 'Bandung', 'perempuan', '2003-05-18', 'elmyddyh', '88803c2493bfe479a934aba84177eb58', 'user'),
(10, 'Kartina Rahayu', 'kartinarahayu1@gmail.com', 'Jawa Barat', 'KOTA BEKASI', 'perempuan', '1987-01-15', 'kartina', 'ed9bc38b5ef64ec31a0c9ce981a51e60', 'user'),
(11, 'rayan amala', 'rayan@gmail.com', 'Sumatera Selatan', 'cileungsi', 'laki-laki', '2024-01-19', 'rayan', '202cb962ac59075b964b07152d234b70', 'user'),
(12, 'Fadhil Arvian ', 'arvianchinaindo12@gmail.com', 'Jawa Barat', 'bekasi', 'laki-laki', '2003-09-06', 'naivraaa', 'd67ae620a1f1e17722bf0db75fe249e1', 'user'),
(13, 'ara', 'hshsh@gmail.com', 'Aceh', 'aceh', 'perempuan', '2024-01-16', 'ara', '202cb962ac59075b964b07152d234b70', ''),
(14, 'lee haechan', 'sunflo@gmail.com', 'Jawa Barat', 'Bandung', 'laki-laki', '2000-06-06', 'ecanganteng', '1e22680224cc6b2ef0bd2a34bc251134', 'user'),
(15, 'Amigos no kebab', 'Amigosnokebab@gmail.com', 'Aceh', 'bandung', 'laki-laki', '2002-06-14', 'Amigos no kebab', '667297616e5cf86e9bd7dc290eaa945b', 'user'),
(16, 'ahmad ginanjar supri', 'ginanjar18@gmail.com', 'Jawa Barat', 'bekasi', 'laki-laki', '2015-08-06', 'ginanjar', '6227d72a068a272ff98d126357b0c573', '');

--
-- Indexes for dumped tables
--

--
-- Indeks untuk tabel `cast`
--
ALTER TABLE `cast`
  ADD PRIMARY KEY (`id_cast`),
  ADD KEY `id_film` (`id_film`);

--
-- Indeks untuk tabel `film`
--
ALTER TABLE `film`
  ADD PRIMARY KEY (`id_film`);

--
-- Indeks untuk tabel `jadwal`
--
ALTER TABLE `jadwal`
  ADD PRIMARY KEY (`id_jadwal`),
  ADD KEY `id_film` (`id_film`);

--
-- Indeks untuk tabel `kursi`
--
ALTER TABLE `kursi`
  ADD PRIMARY KEY (`id_kursi`),
  ADD KEY `id_jadwal` (`id_jadwal`);

--
-- Indeks untuk tabel `pembeliantiket`
--
ALTER TABLE `pembeliantiket`
  ADD PRIMARY KEY (`id_tiket`),
  ADD KEY `id_user` (`id_user`),
  ADD KEY `id_jadwal` (`id_jadwal`);

--
-- Indeks untuk tabel `users`
--
ALTER TABLE `users`
  ADD PRIMARY KEY (`id_user`);

--
-- AUTO_INCREMENT untuk tabel yang dibuang
--

--
-- AUTO_INCREMENT untuk tabel `cast`
--
ALTER TABLE `cast`
  MODIFY `id_cast` int(11) NOT NULL AUTO_INCREMENT, AUTO_INCREMENT=75;

--
-- AUTO_INCREMENT untuk tabel `film`
--
ALTER TABLE `film`
  MODIFY `id_film` int(11) NOT NULL AUTO_INCREMENT, AUTO_INCREMENT=27;

--
-- AUTO_INCREMENT untuk tabel `jadwal`
--
ALTER TABLE `jadwal`
  MODIFY `id_jadwal` int(11) NOT NULL AUTO_INCREMENT, AUTO_INCREMENT=29;

--
-- AUTO_INCREMENT untuk tabel `kursi`
--
ALTER TABLE `kursi`
  MODIFY `id_kursi` int(11) NOT NULL AUTO_INCREMENT, AUTO_INCREMENT=1441;

--
-- AUTO_INCREMENT untuk tabel `pembeliantiket`
--
ALTER TABLE `pembeliantiket`
  MODIFY `id_tiket` int(11) NOT NULL AUTO_INCREMENT, AUTO_INCREMENT=60;

--
-- AUTO_INCREMENT untuk tabel `users`
--
ALTER TABLE `users`
  MODIFY `id_user` int(11) NOT NULL AUTO_INCREMENT, AUTO_INCREMENT=17;

--
-- Ketidakleluasaan untuk tabel pelimpahan (Dumped Tables)
--

--
-- Ketidakleluasaan untuk tabel `kursi`
--
ALTER TABLE `kursi`
  ADD CONSTRAINT `kursi_ibfk_1` FOREIGN KEY (`id_jadwal`) REFERENCES `jadwal` (`id_jadwal`);

--
-- Ketidakleluasaan untuk tabel `pembeliantiket`
--
ALTER TABLE `pembeliantiket`
  ADD CONSTRAINT `pembeliantiket_ibfk_1` FOREIGN KEY (`id_user`) REFERENCES `users` (`id_user`);
COMMIT;

/*!40101 SET CHARACTER_SET_CLIENT=@OLD_CHARACTER_SET_CLIENT */;
/*!40101 SET CHARACTER_SET_RESULTS=@OLD_CHARACTER_SET_RESULTS */;
/*!40101 SET COLLATION_CONNECTION=@OLD_COLLATION_CONNECTION */;
